model,condition,turn,rate,lo,hi,n_states
mock_mid,P1,1,0.4625,0.35,0.575,40
mock_mid,P1,2,0.5,0.375,0.625,40
mock_mid,P1,3,0.65,0.55,0.7378124999999983,40
mock_mid,P1,4,0.5875,0.4871875,0.6875,40
mock_mid,P1,5,0.55,0.4125,0.675,40
mock_mid,P1,6,0.525,0.4,0.6375,40
mock_mid,P2,1,0.0625,0.0125,0.1375,40
mock_mid,P2,2,0.0875,0.0125,0.1875,40
mock_mid,P2,3,0.0625,0.0125,0.125,40
mock_mid,P2,4,0.0625,0.0125,0.125,40
mock_mid,P2,5,0.1,0.025,0.2,40
mock_mid,P2,6,0.1,0.025,0.2,40
mock_mid,P3,1,0.1625,0.0875,0.2375,40
mock_mid,P3,2,0.1625,0.0875,0.25,40
mock_mid,P3,3,0.1375,0.075,0.2125,40
mock_mid,P3,4,0.1875,0.1125,0.2625,40
mock_mid,P3,5,0.2125,0.125,0.3,40
mock_mid,P3,6,0.1625,0.0875,0.2375,40
mock_mid,P4,1,0.0,0.0,0.0,40
mock_mid,P4,2,0.0,0.0,0.0,40
mock_mid,P4,3,0.0,0.0,0.0,40
mock_mid,P4,4,0.0,0.0,0.0,40
mock_mid,P4,5,0.0,0.0,0.0,40
mock_mid,P4,6,0.0,0.0,0.0,40
mock_strong,P1,1,0.2125,0.12468750000000002,0.325,40
mock_strong,P1,2,0.3,0.1875,0.4125,40
mock_strong,P1,3,0.25,0.15,0.3625,40
mock_strong,P1,4,0.3125,0.2,0.425,40
mock_strong,P1,5,0.3375,0.2125,0.475,40
mock_strong,P1,6,0.2875,0.175,0.4125,40
mock_strong,P2,1,0.075,0.0125,0.15,40
mock_strong,P2,2,0.0625,0.0125,0.125,40
mock_strong,P2,3,0.075,0.0125,0.15,40
mock_strong,P2,4,0.1,0.025,0.2,40
mock_strong,P2,5,0.0875,0.0125,0.1875,40
mock_strong,P2,6,0.1125,0.025,0.2125,40
mock_strong,P3,1,0.0375,0.0,0.0875,40
mock_strong,P3,2,0.025,0.0,0.0625,40
mock_strong,P3,3,0.025,0.0,0.0625,40
mock_strong,P3,4,0.05,0.0,0.1125,40
mock_strong,P3,5,0.0375,0.0,0.1,40
mock_strong,P3,6,0.0875,0.025,0.1625,40
mock_strong,P4,1,0.0,0.0,0.0,40
mock_strong,P4,2,0.0,0.0,0.0,40
mock_strong,P4,3,0.0,0.0,0.0,40
mock_strong,P4,4,0.0,0.0,0.0,40
mock_strong,P4,5,0.0,0.0,0.0,40
mock_strong,P4,6,0.0,0.0,0.0,40
mock_weak,P1,1,0.8518518518518519,0.7777777777777778,0.9166666666666666,54
mock_weak,P1,2,0.8240740740740741,0.75,0.8888888888888888,54
mock_weak,P1,3,0.8703703703703703,0.7962962962962963,0.9351851851851852,54
mock_weak,P1,4,0.8333333333333334,0.75,0.9074074074074074,54
mock_weak,P1,5,0.8148148148148148,0.7407407407407407,0.8796296296296297,54
mock_weak,P1,6,0.8518518518518519,0.7962962962962963,0.9074074074074074,54
mock_weak,P2,1,0.12962962962962962,0.05555555555555555,0.21296296296296297,54
mock_weak,P2,2,0.12037037037037036,0.046296296296296294,0.2037037037037037,54
mock_weak,P2,3,0.1388888888888889,0.06481481481481481,0.2222222222222222,54
mock_weak,P2,4,0.14814814814814814,0.06481481481481481,0.24074074074074073,54
mock_weak,P2,5,0.14814814814814814,0.06481481481481481,0.24074074074074073,54
mock_weak,P2,6,0.16666666666666666,0.07407407407407407,0.25925925925925924,54
mock_weak,P3,1,0.25,0.16666666666666666,0.3425925925925926,54
mock_weak,P3,2,0.28703703703703703,0.2037037037037037,0.37962962962962965,54
mock_weak,P3,3,0.26851851851851855,0.18518518518518517,0.35185185185185186,54
mock_weak,P3,4,0.24074074074074073,0.1574074074074074,0.3333333333333333,54
mock_weak,P3,5,0.2962962962962963,0.21296296296296297,0.37962962962962965,54
mock_weak,P3,6,0.28703703703703703,0.20347222222222222,0.37060185185185057,54
mock_weak,P4,1,0.0,0.0,0.0,54
mock_weak,P4,2,0.0,0.0,0.0,54
mock_weak,P4,3,0.0,0.0,0.0,54
mock_weak,P4,4,0.0,0.0,0.0,54
mock_weak,P4,5,0.0,0.0,0.0,54
mock_weak,P4,6,0.0,0.0,0.0,54
ALL,P1,1,0.5447761194029851,0.47388059701492535,0.6120335820895517,134
ALL,P1,2,0.5708955223880597,0.503731343283582,0.6380597014925373,134
ALL,P1,3,0.6194029850746269,0.5522388059701493,0.6865671641791045,134
ALL,P1,4,0.6044776119402985,0.5373134328358209,0.6716417910447762,134
ALL,P1,5,0.5932835820895522,0.5223880597014925,0.6604477611940298,134
ALL,P1,6,0.585820895522388,0.5186567164179104,0.6529850746268657,134
ALL,P2,1,0.09328358208955224,0.048507462686567165,0.1417910447761194,134
ALL,P2,2,0.09328358208955224,0.048507462686567165,0.1417910447761194,134
ALL,P2,3,0.09701492537313433,0.05970149253731343,0.1417910447761194,134
ALL,P2,4,0.10820895522388059,0.05970149253731343,0.16044776119402984,134
ALL,P2,5,0.11567164179104478,0.06716417910447761,0.16791044776119404,134
ALL,P2,6,0.13059701492537312,0.07835820895522388,0.18666044776119353,134
ALL,P3,1,0.16044776119402984,0.11567164179104478,0.20522388059701493,134
ALL,P3,2,0.17164179104477612,0.12313432835820895,0.22388059701492538,134
ALL,P3,3,0.15671641791044777,0.11194029850746269,0.19776119402985073,134
ALL,P3,4,0.16791044776119404,0.11940298507462686,0.21641791044776118,134
ALL,P3,5,0.19402985074626866,0.1455223880597015,0.24253731343283583,134
ALL,P3,6,0.19029850746268656,0.1417910447761194,0.23880597014925373,134
ALL,P4,1,0.0,0.0,0.0,134
ALL,P4,2,0.0,0.0,0.0,134
ALL,P4,3,0.0,0.0,0.0,134
ALL,P4,4,0.0,0.0,0.0,134
ALL,P4,5,0.0,0.0,0.0,134
ALL,P4,6,0.0,0.0,0.0,134
mock_mid,CLEAN,1,0.0,0.0,0.0,60
mock_mid,CLEAN,2,0.0,0.0,0.0,60
mock_mid,CLEAN,3,0.0,0.0,0.0,60
mock_mid,CLEAN,4,0.0,0.0,0.0,60
mock_mid,CLEAN,5,0.0,0.0,0.0,60
mock_mid,CLEAN,6,0.0,0.0,0.0,60
mock_mid,CLEAN_P3,1,0.0,0.0,0.0,60
mock_mid,CLEAN_P3,2,0.0,0.0,0.0,60
mock_mid,CLEAN_P3,3,0.0,0.0,0.0,60
mock_mid,CLEAN_P3,4,0.0,0.0,0.0,60
mock_mid,CLEAN_P3,5,0.0,0.0,0.0,60
mock_mid,CLEAN_P3,6,0.0,0.0,0.0,60
mock_strong,CLEAN,1,0.0,0.0,0.0,60
mock_strong,CLEAN,2,0.0,0.0,0.0,60
mock_strong,CLEAN,3,0.0,0.0,0.0,60
mock_strong,CLEAN,4,0.0,0.0,0.0,60
mock_strong,CLEAN,5,0.0,0.0,0.0,60
mock_strong,CLEAN,6,0.0,0.0,0.0,60
mock_strong,CLEAN_P3,1,0.0,0.0,0.0,60
mock_strong,CLEAN_P3,2,0.0,0.0,0.0,60
mock_strong,CLEAN_P3,3,0.0,0.0,0.0,60
mock_strong,CLEAN_P3,4,0.0,0.0,0.0,60
mock_strong,CLEAN_P3,5,0.0,0.0,0.0,60
mock_strong,CLEAN_P3,6,0.0,0.0,0.0,60
mock_weak,CLEAN,1,0.0,0.0,0.0,60
mock_weak,CLEAN,2,0.0,0.0,0.0,60
mock_weak,CLEAN,3,0.0,0.0,0.0,60
mock_weak,CLEAN,4,0.0,0.0,0.0,60
mock_weak,CLEAN,5,0.0,0.0,0.0,60
mock_weak,CLEAN,6,0.0,0.0,0.0,60
mock_weak,CLEAN_P3,1,0.0,0.0,0.0,60
mock_weak,CLEAN_P3,2,0.0,0.0,0.0,60
mock_weak,CLEAN_P3,3,0.0,0.0,0.0,60
mock_weak,CLEAN_P3,4,0.0,0.0,0.0,60
mock_weak,CLEAN_P3,5,0.0,0.0,0.0,60
mock_weak,CLEAN_P3,6,0.0,0.0,0.0,60
ALL,CLEAN,1,0.0,0.0,0.0,180
ALL,CLEAN,2,0.0,0.0,0.0,180
ALL,CLEAN,3,0.0,0.0,0.0,180
ALL,CLEAN,4,0.0,0.0,0.0,180
ALL,CLEAN,5,0.0,0.0,0.0,180
ALL,CLEAN,6,0.0,0.0,0.0,180
ALL,CLEAN_P3,1,0.0,0.0,0.0,180
ALL,CLEAN_P3,2,0.0,0.0,0.0,180
ALL,CLEAN_P3,3,0.0,0.0,0.0,180
ALL,CLEAN_P3,4,0.0,0.0,0.0,180
ALL,CLEAN_P3,5,0.0,0.0,0.0,180
ALL,CLEAN_P3,6,0.0,0.0,0.0,180
